index,name,address,size,calling_conv,return_type,params
1,Unwind@140001850,140001850,937,unknown,undefined,""
2,Unwind@140001c00,140001c00,81,unknown,undefined,""
3,FUN_140001c60,140001c60,131,unknown,undefined,""
4,FUN_140001cf0,140001cf0,91,unknown,undefined,""
5,Catch_All@14008a550,14008a550,230,unknown,undefined,""
6,Unwind@14008a640,14008a640,235,unknown,undefined,""
7,Unwind@14008a730,14008a730,235,unknown,undefined,""
8,Unwind@14008a820,14008a820,235,unknown,undefined,""
9,Unwind@14008a910,14008a910,233,unknown,undefined,""
10,Unwind@14008aa00,14008aa00,235,unknown,undefined,""
11,Unwind@14008aaf0,14008aaf0,235,unknown,undefined,""
12,Unwind@14008abe0,14008abe0,235,unknown,undefined,""
13,Unwind@14008acd0,14008acd0,225,unknown,undefined,""
14,Unwind@14008adc0,14008adc0,235,unknown,undefined,""
15,Unwind@14008aeb0,14008aeb0,235,unknown,undefined,""
16,Unwind@14008afa0,14008afa0,235,unknown,undefined,""
17,Unwind@14008b090,14008b090,235,unknown,undefined,""
18,Unwind@14008b180,14008b180,235,unknown,undefined,""
19,Unwind@14008b270,14008b270,235,unknown,undefined,""
20,Unwind@14008b360,14008b360,235,unknown,undefined,""
21,Unwind@14008b450,14008b450,235,unknown,undefined,""
22,Unwind@14008b540,14008b540,235,unknown,undefined,""
23,Unwind@14008b630,14008b630,235,unknown,undefined,""
24,Unwind@14008b720,14008b720,235,unknown,undefined,""
25,Unwind@14008b810,14008b810,235,unknown,undefined,""
26,Unwind@14008b900,14008b900,235,unknown,undefined,""
27,Unwind@14008b9f0,14008b9f0,235,unknown,undefined,""
28,Unwind@14008bae0,14008bae0,235,unknown,undefined,""
29,Unwind@14008bbd0,14008bbd0,235,unknown,undefined,""
30,Unwind@14008bcc0,14008bcc0,235,unknown,undefined,""
31,Unwind@14008bdb0,14008bdb0,235,unknown,undefined,""
32,Unwind@14008bea0,14008bea0,225,unknown,undefined,""
33,Unwind@14008bf90,14008bf90,235,unknown,undefined,""
34,Unwind@14008c080,14008c080,235,unknown,undefined,""
35,Unwind@14008c170,14008c170,235,unknown,undefined,""
36,Unwind@14008c260,14008c260,235,unknown,undefined,""
37,Unwind@14008c350,14008c350,235,unknown,undefined,""
38,Unwind@14008c440,14008c440,235,unknown,undefined,""
39,Unwind@14008c530,14008c530,235,unknown,undefined,""
40,Unwind@14008c620,14008c620,235,unknown,undefined,""
41,Unwind@14008c710,14008c710,235,unknown,undefined,""
42,Unwind@14008c800,14008c800,235,unknown,undefined,""
43,Unwind@14008c8f0,14008c8f0,235,unknown,undefined,""
44,Unwind@14008c9e0,14008c9e0,235,unknown,undefined,""
45,Unwind@14008cad0,14008cad0,235,unknown,undefined,""
46,Unwind@14008cbc0,14008cbc0,235,unknown,undefined,""
47,Unwind@14008ccb0,14008ccb0,235,unknown,undefined,""
48,Unwind@14008cda0,14008cda0,235,unknown,undefined,""
49,Unwind@14008ce90,14008ce90,235,unknown,undefined,""
50,Unwind@14008cf80,14008cf80,235,unknown,undefined,""
51,Unwind@14008d070,14008d070,235,unknown,undefined,""
52,Unwind@14008d160,14008d160,257,unknown,undefined,""
53,Unwind@14008d270,14008d270,235,unknown,undefined,""
54,Unwind@14008d360,14008d360,235,unknown,undefined,""
55,Unwind@14008d450,14008d450,235,unknown,undefined,""
56,Unwind@14008d540,14008d540,225,unknown,undefined,""
57,Unwind@14008d630,14008d630,235,unknown,undefined,""
58,Unwind@14008d720,14008d720,235,unknown,undefined,""
59,Unwind@14008d810,14008d810,235,unknown,undefined,""
60,Unwind@14008d900,14008d900,235,unknown,undefined,""
61,Unwind@14008d9f0,14008d9f0,235,unknown,undefined,""
62,Unwind@14008dae0,14008dae0,235,unknown,undefined,""
63,Unwind@14008dbd0,14008dbd0,235,unknown,undefined,""
64,Unwind@14008dcc0,14008dcc0,235,unknown,undefined,""
65,Unwind@14008ddb0,14008ddb0,235,unknown,undefined,""
66,Unwind@14008dea0,14008dea0,235,unknown,undefined,""
67,Unwind@14008df90,14008df90,235,unknown,undefined,""
68,Unwind@14008e080,14008e080,235,unknown,undefined,""
69,Unwind@14008e170,14008e170,235,unknown,undefined,""
70,Unwind@14008e260,14008e260,235,unknown,undefined,""
71,Unwind@14008e350,14008e350,235,unknown,undefined,""
72,Unwind@14008e440,14008e440,235,unknown,undefined,""
73,Unwind@14008e530,14008e530,235,unknown,undefined,""
74,Unwind@14008e620,14008e620,235,unknown,undefined,""
75,Unwind@14008e710,14008e710,235,unknown,undefined,""
76,Unwind@14008e800,14008e800,235,unknown,undefined,""
77,Unwind@14008e8f0,14008e8f0,235,unknown,undefined,""
78,Unwind@14008e9e0,14008e9e0,235,unknown,undefined,""
79,Unwind@14008ead0,14008ead0,235,unknown,undefined,""
80,Unwind@14008ebc0,14008ebc0,235,unknown,undefined,""
81,Unwind@14008ecb0,14008ecb0,235,unknown,undefined,""
82,Unwind@14008eda0,14008eda0,235,unknown,undefined,""
83,Unwind@14008ee90,14008ee90,235,unknown,undefined,""
84,Unwind@14008ef80,14008ef80,244,unknown,undefined,""
85,Unwind@14008f080,14008f080,235,unknown,undefined,""
86,Unwind@14008f170,14008f170,230,unknown,undefined,""
87,Unwind@14008f260,14008f260,235,unknown,undefined,""
88,Unwind@14008f350,14008f350,235,unknown,undefined,""
89,Unwind@14008f440,14008f440,235,unknown,undefined,""
90,Unwind@14008f530,14008f530,235,unknown,undefined,""
91,Unwind@14008f620,14008f620,235,unknown,undefined,""
92,Unwind@14008f710,14008f710,235,unknown,undefined,""
93,Unwind@14008f800,14008f800,235,unknown,undefined,""
94,Unwind@14008f8f0,14008f8f0,235,unknown,undefined,""
95,Unwind@14008f9e0,14008f9e0,235,unknown,undefined,""
96,Unwind@14008fad0,14008fad0,235,unknown,undefined,""
97,Unwind@14008fbc0,14008fbc0,247,unknown,undefined,""
98,Unwind@14008fcc0,14008fcc0,235,unknown,undefined,""
99,Unwind@14008fdb0,14008fdb0,235,unknown,undefined,""
100,Unwind@14008fea0,14008fea0,235,unknown,undefined,""
101,Unwind@14008ff90,14008ff90,235,unknown,undefined,""
102,Unwind@140090080,140090080,235,unknown,undefined,""
103,Unwind@140090170,140090170,235,unknown,undefined,""
104,Unwind@140090260,140090260,235,unknown,undefined,""
105,Unwind@140090350,140090350,235,unknown,undefined,""
106,Unwind@140090440,140090440,235,unknown,undefined,""
107,Unwind@140090530,140090530,235,unknown,undefined,""
108,Unwind@140090620,140090620,235,unknown,undefined,""
109,Unwind@140090710,140090710,235,unknown,undefined,""
110,Unwind@140090800,140090800,235,unknown,undefined,""
111,Unwind@1400908f0,1400908f0,235,unknown,undefined,""
112,Unwind@1400909e0,1400909e0,235,unknown,undefined,""
113,Unwind@140090ad0,140090ad0,235,unknown,undefined,""
114,Unwind@140090bc0,140090bc0,225,unknown,undefined,""
115,Unwind@140090cb0,140090cb0,225,unknown,undefined,""
116,Unwind@140090da0,140090da0,237,unknown,undefined,""
117,Unwind@140090e90,140090e90,235,unknown,undefined,""
118,Unwind@140090f80,140090f80,235,unknown,undefined,""
119,Unwind@140091070,140091070,247,unknown,undefined,""
120,Unwind@140091170,140091170,235,unknown,undefined,""
121,Unwind@140091260,140091260,235,unknown,undefined,""
122,Unwind@140091350,140091350,235,unknown,undefined,""
123,Unwind@140091440,140091440,225,unknown,undefined,""
124,Unwind@140091530,140091530,235,unknown,undefined,""
125,Unwind@140091620,140091620,235,unknown,undefined,""
126,Unwind@140091710,140091710,235,unknown,undefined,""
127,Unwind@140091800,140091800,237,unknown,undefined,""
128,Unwind@1400918f0,1400918f0,235,unknown,undefined,""
129,Unwind@1400919e0,1400919e0,235,unknown,undefined,""
130,Unwind@140091ad0,140091ad0,235,unknown,undefined,""
131,Unwind@140091bc0,140091bc0,225,unknown,undefined,""
132,Catch_All@140091cb0,140091cb0,224,unknown,undefined,""
133,Unwind@140091d90,140091d90,235,unknown,undefined,""
134,Unwind@140091e80,140091e80,235,unknown,undefined,""
135,Unwind@140091f70,140091f70,235,unknown,undefined,""
136,Unwind@140092060,140092060,235,unknown,undefined,""
137,Unwind@140092150,140092150,235,unknown,undefined,""
138,Unwind@140092240,140092240,225,unknown,undefined,""
139,Unwind@140092330,140092330,235,unknown,undefined,""
140,Unwind@140092420,140092420,235,unknown,undefined,""
141,Unwind@140092510,140092510,235,unknown,undefined,""
142,Unwind@140092600,140092600,235,unknown,undefined,""
143,Unwind@1400926f0,1400926f0,235,unknown,undefined,""
144,Unwind@1400927e0,1400927e0,235,unknown,undefined,""
145,Unwind@1400928d0,1400928d0,235,unknown,undefined,""
146,Unwind@1400929c0,1400929c0,235,unknown,undefined,""
147,Unwind@140092ab0,140092ab0,235,unknown,undefined,""
148,Unwind@140092ba0,140092ba0,225,unknown,undefined,""
149,Unwind@140092c90,140092c90,235,unknown,undefined,""
150,Unwind@140092d80,140092d80,235,unknown,undefined,""
151,Unwind@140092e70,140092e70,235,unknown,undefined,""
152,Unwind@140092f60,140092f60,235,unknown,undefined,""
153,Unwind@140093050,140093050,237,unknown,undefined,""
154,Unwind@140093140,140093140,235,unknown,undefined,""
155,Unwind@140093230,140093230,235,unknown,undefined,""
156,Unwind@140093320,140093320,235,unknown,undefined,""
157,Unwind@140093410,140093410,235,unknown,undefined,""
158,Unwind@140093500,140093500,235,unknown,undefined,""
159,Unwind@1400935f0,1400935f0,235,unknown,undefined,""
160,Unwind@1400936e0,1400936e0,235,unknown,undefined,""
161,Unwind@1400937d0,1400937d0,235,unknown,undefined,""
162,Unwind@1400938c0,1400938c0,235,unknown,undefined,""
163,Unwind@1400939b0,1400939b0,235,unknown,undefined,""
164,Unwind@140093aa0,140093aa0,225,unknown,undefined,""
165,Unwind@140093b90,140093b90,235,unknown,undefined,""
166,Unwind@140093c80,140093c80,247,unknown,undefined,""
167,Unwind@140093d80,140093d80,235,unknown,undefined,""
168,Unwind@140093e70,140093e70,235,unknown,undefined,""
169,Unwind@140093f60,140093f60,247,unknown,undefined,""
170,Unwind@140094060,140094060,237,unknown,undefined,""
171,Unwind@140094150,140094150,235,unknown,undefined,""
172,Unwind@140094240,140094240,225,unknown,undefined,""
173,Unwind@140094330,140094330,235,unknown,undefined,""
174,Unwind@140094420,140094420,235,unknown,undefined,""
175,Unwind@140094510,140094510,235,unknown,undefined,""
176,Unwind@140094600,140094600,235,unknown,undefined,""
177,Unwind@1400946f0,1400946f0,235,unknown,undefined,""
178,Unwind@1400947e0,1400947e0,235,unknown,undefined,""
179,Unwind@1400948d0,1400948d0,235,unknown,undefined,""
180,Unwind@1400949c0,1400949c0,247,unknown,undefined,""
181,Unwind@140094ac0,140094ac0,235,unknown,undefined,""
182,Unwind@140094bb0,140094bb0,235,unknown,undefined,""
183,Unwind@140094ca0,140094ca0,235,unknown,undefined,""
184,Unwind@140094d90,140094d90,235,unknown,undefined,""
185,Unwind@140094e80,140094e80,235,unknown,undefined,""
186,Unwind@140094f70,140094f70,235,unknown,undefined,""
187,Unwind@140095060,140095060,225,unknown,undefined,""
188,Unwind@140095150,140095150,225,unknown,undefined,""
189,Catch_All@140095240,140095240,232,unknown,undefined,""
190,Unwind@140095330,140095330,237,unknown,undefined,""
191,Unwind@140095420,140095420,233,unknown,undefined,""
192,Unwind@140095510,140095510,233,unknown,undefined,""
193,Unwind@140095600,140095600,233,unknown,undefined,""
194,Unwind@1400956f0,1400956f0,233,unknown,undefined,""
195,Unwind@1400957e0,1400957e0,233,unknown,undefined,""
196,Unwind@1400958d0,1400958d0,233,unknown,undefined,""
197,Unwind@1400959c0,1400959c0,233,unknown,undefined,""
198,Unwind@140095ab0,140095ab0,233,unknown,undefined,""
199,Unwind@140095ba0,140095ba0,233,unknown,undefined,""
200,Unwind@140095c90,140095c90,233,unknown,undefined,""
201,Unwind@140095d80,140095d80,245,unknown,undefined,""
202,Unwind@140095e80,140095e80,233,unknown,undefined,""
203,Unwind@140095f70,140095f70,233,unknown,undefined,""
204,Unwind@140096060,140096060,233,unknown,undefined,""
205,Unwind@140096150,140096150,234,unknown,undefined,""
206,Unwind@140096240,140096240,235,unknown,undefined,""
207,Unwind@140096330,140096330,235,unknown,undefined,""
208,Unwind@140096420,140096420,235,unknown,undefined,""
209,Unwind@140096510,140096510,235,unknown,undefined,""
210,Unwind@140096600,140096600,235,unknown,undefined,""
211,Unwind@1400966f0,1400966f0,235,unknown,undefined,""
212,Unwind@1400967e0,1400967e0,247,unknown,undefined,""
213,Unwind@1400968e0,1400968e0,235,unknown,undefined,""
214,Unwind@1400969d0,1400969d0,235,unknown,undefined,""
215,Unwind@140096ac0,140096ac0,235,unknown,undefined,""
216,Unwind@140096bb0,140096bb0,225,unknown,undefined,""
217,Unwind@140096ca0,140096ca0,225,unknown,undefined,""
218,Unwind@140096d90,140096d90,237,unknown,undefined,""
219,FUN_140096e80,140096e80,548,unknown,undefined,""
220,Unwind@1400970b0,1400970b0,48,unknown,undefined,""
221,Catch_All@1400970e0,1400970e0,77,unknown,undefined,""
222,Unwind@140097130,140097130,48,unknown,undefined,""
223,Unwind@140097160,140097160,28,unknown,undefined,""
224,FUN_140097180,140097180,88,unknown,undefined,""
225,FUN_1400971e0,1400971e0,172,unknown,undefined,""
226,FUN_140097290,140097290,93,unknown,undefined,""
227,FUN_1400972f0,1400972f0,12542,unknown,undefined,""
228,Unwind@14009a460,14009a460,121,unknown,undefined,""
229,Unwind@14009a4e0,14009a4e0,121,unknown,undefined,""
230,Unwind@14009a560,14009a560,121,unknown,undefined,""
231,Unwind@14009a5e0,14009a5e0,121,unknown,undefined,""
232,Unwind@14009a660,14009a660,121,unknown,undefined,""
233,Unwind@14009a6e0,14009a6e0,118,unknown,undefined,""
234,Unwind@14009a760,14009a760,121,unknown,undefined,""
235,Unwind@14009a7e0,14009a7e0,121,unknown,undefined,""
236,Unwind@14009a860,14009a860,121,unknown,undefined,""
237,Unwind@14009a8e0,14009a8e0,120,unknown,undefined,""
238,Unwind@14009a960,14009a960,121,unknown,undefined,""
239,Unwind@14009a9e0,14009a9e0,121,unknown,undefined,""
240,Unwind@14009aa60,14009aa60,118,unknown,undefined,""
241,Unwind@14009aae0,14009aae0,121,unknown,undefined,""
242,Unwind@14009ab60,14009ab60,130,unknown,undefined,""
243,Unwind@14009abf0,14009abf0,121,unknown,undefined,""
244,Unwind@14009ac70,14009ac70,121,unknown,undefined,""
245,Unwind@14009acf0,14009acf0,117,unknown,undefined,""
246,FUN_14009ad70,14009ad70,99,unknown,undefined,""
247,FUN_14009ade0,14009ade0,401,unknown,undefined,""
248,FUN_14009af80,14009af80,255,unknown,undefined,""
249,FUN_14009b080,14009b080,99,unknown,undefined,""
250,FUN_14009b0f0,14009b0f0,1297,unknown,undefined,""
251,FUN_14009b610,14009b610,836,unknown,undefined,""
252,FUN_14009b960,14009b960,1433,unknown,undefined,""
253,Unwind@14009bf20,14009bf20,54,unknown,undefined,""
254,Unwind@14009bf60,14009bf60,63,unknown,undefined,""
255,Unwind@14009bfa0,14009bfa0,54,unknown,undefined,""
256,FUN_14009bfe0,14009bfe0,118,unknown,undefined,""
257,FUN_14009c060,14009c060,83,unknown,undefined,""
258,FUN_14009c0c0,14009c0c0,61,unknown,undefined,""
259,FUN_14009c100,14009c100,196,unknown,undefined,""
260,Unwind@14009c1d0,14009c1d0,21,unknown,undefined,""
261,FUN_14009c1f0,14009c1f0,353,unknown,undefined,""
262,FUN_14009c360,14009c360,95,unknown,undefined,""
263,FUN_14009c3c0,14009c3c0,54,unknown,undefined,""
264,FUN_14009c4c0,14009c4c0,19,unknown,undefined,""
265,FUN_14009c4e0,14009c4e0,59,unknown,undefined,""
266,FUN_14009c520,14009c520,17,unknown,undefined,""
267,FUN_14009c540,14009c540,169,unknown,undefined,""
268,Unwind@14009c5f0,14009c5f0,40,unknown,undefined,""
269,FUN_14009c620,14009c620,224,unknown,undefined,""
270,Unwind@14009c710,14009c710,53,unknown,undefined,""
271,FUN_14009c750,14009c750,215,unknown,undefined,""
272,FUN_14009c840,14009c840,124,unknown,undefined,""
273,FUN_14009c8c0,14009c8c0,17,unknown,undefined,""
274,FUN_14009c8e0,14009c8e0,89,unknown,undefined,""
275,FUN_14009c940,14009c940,101,unknown,undefined,""
276,FUN_14009c9b0,14009c9b0,49,unknown,undefined,""
277,FUN_14009c9f0,14009c9f0,278,unknown,undefined,""
278,FUN_14009cb10,14009cb10,651,unknown,undefined,""
279,Unwind@14009cda0,14009cda0,44,unknown,undefined,""
280,FUN_14009cdd0,14009cdd0,345,unknown,undefined,""
281,FUN_14009cf30,14009cf30,539,unknown,undefined,""
282,FUN_14009d150,14009d150,167,unknown,undefined,""
283,FUN_14009d200,14009d200,163,unknown,undefined,""
284,FUN_14009d2b0,14009d2b0,251,unknown,undefined,""
285,FUN_14009d3b0,14009d3b0,54,unknown,undefined,""
286,FUN_14009d400,14009d400,27,unknown,undefined,""
287,FUN_14009d430,14009d430,86,unknown,undefined,""
288,FUN_14009d4a0,14009d4a0,108,unknown,undefined,""
289,FUN_14009d520,14009d520,127,unknown,undefined,""
290,FUN_14009d5b0,14009d5b0,79,unknown,undefined,""
291,FUN_14009d610,14009d610,40,unknown,undefined,""
292,FUN_14009d650,14009d650,610,unknown,undefined,""
293,FUN_14009d8c0,14009d8c0,839,unknown,undefined,""
294,FUN_14009dc40,14009dc40,616,unknown,undefined,""
295,FUN_14009deb0,14009deb0,815,unknown,undefined,""
296,FUN_14009e200,14009e200,84,unknown,undefined,""
297,FUN_14009e260,14009e260,312,unknown,undefined,""
298,FUN_14009e3a0,14009e3a0,333,unknown,undefined,""
299,FUN_14009e4f0,14009e4f0,296,unknown,undefined,""
300,FUN_14009e620,14009e620,181,unknown,undefined,""
301,FUN_14009e6e0,14009e6e0,436,unknown,undefined,""
302,FUN_14009e8a0,14009e8a0,78,unknown,undefined,""
303,FUN_14009e900,14009e900,372,unknown,undefined,""
304,FUN_14009ea80,14009ea80,835,unknown,undefined,""
305,FUN_14009ee00,14009ee00,536,unknown,undefined,""
306,FUN_14009f020,14009f020,433,unknown,undefined,""
307,FUN_14009f1f0,14009f1f0,142,unknown,undefined,""
308,FUN_14009f290,14009f290,190,unknown,undefined,""
309,FUN_14009f350,14009f350,94,unknown,undefined,""
310,FUN_14009f3b0,14009f3b0,160,unknown,undefined,""
311,FUN_14009f450,14009f450,215,unknown,undefined,""
312,FUN_14009f540,14009f540,842,unknown,undefined,""
313,FUN_14009f590,14009f590,157,unknown,undefined,""
314,FUN_14009f930,14009f930,213,unknown,undefined,""
315,FUN_14009fa10,14009fa10,366,unknown,undefined,""
316,FUN_14009fb80,14009fb80,439,unknown,undefined,""
317,Unwind@14009fd50,14009fd50,48,unknown,undefined,""
318,FUN_14009fd80,14009fd80,794,unknown,undefined,""
319,FUN_1400a00c0,1400a00c0,550,unknown,undefined,""
320,FUN_1400a0300,1400a0300,437,unknown,undefined,""
321,FUN_1400a04c0,1400a04c0,219,unknown,undefined,""
322,Unwind@1400a05a0,1400a05a0,30,unknown,undefined,""
323,FUN_1400a05c0,1400a05c0,140,unknown,undefined,""
324,FUN_1400a0650,1400a0650,1310,unknown,undefined,""
325,FUN_1400a0bb0,1400a0bb0,432,unknown,undefined,""
326,FUN_1400a0d60,1400a0d60,8,unknown,undefined,""
327,FUN_1400a0d70,1400a0d70,442,unknown,undefined,""
328,FUN_1400a0f30,1400a0f30,268,unknown,undefined,""
329,FUN_1400a1040,1400a1040,117,unknown,undefined,""
330,FUN_1400a10c0,1400a10c0,3117,unknown,undefined,""
331,Unwind@1400a1d20,1400a1d20,67,unknown,undefined,""
332,Unwind@1400a1d70,1400a1d70,55,unknown,undefined,""
333,Unwind@1400a1db0,1400a1db0,55,unknown,undefined,""
334,Unwind@1400a1df0,1400a1df0,55,unknown,undefined,""
335,Unwind@1400a1e30,1400a1e30,55,unknown,undefined,""
336,Unwind@1400a1e70,1400a1e70,55,unknown,undefined,""
337,Unwind@1400a1eb0,1400a1eb0,55,unknown,undefined,""
338,FUN_1400a1ef0,1400a1ef0,7976,unknown,undefined,""
339,Unwind@1400a3e80,1400a3e80,58,unknown,undefined,""
340,Unwind@1400a3ec0,1400a3ec0,55,unknown,undefined,""
341,Unwind@1400a3f00,1400a3f00,55,unknown,undefined,""
342,Unwind@1400a3f40,1400a3f40,58,unknown,undefined,""
343,Unwind@1400a3f80,1400a3f80,58,unknown,undefined,""
344,Unwind@1400a3fc0,1400a3fc0,58,unknown,undefined,""
345,Unwind@1400a4000,1400a4000,55,unknown,undefined,""
346,FUN_1400a4040,1400a4040,39961,unknown,undefined,""
347,Unwind@1400ade70,1400ade70,77,unknown,undefined,""
348,Unwind@1400adec0,1400adec0,77,unknown,undefined,""
349,Unwind@1400adf10,1400adf10,77,unknown,undefined,""
350,Unwind@1400adf60,1400adf60,77,unknown,undefined,""
351,Unwind@1400adfb0,1400adfb0,77,unknown,undefined,""
352,Unwind@1400ae000,1400ae000,77,unknown,undefined,""
353,Unwind@1400ae050,1400ae050,77,unknown,undefined,""
354,Catch_All@1400ae0a0,1400ae0a0,72,unknown,undefined,""
355,Unwind@1400ae0f0,1400ae0f0,77,unknown,undefined,""
356,Unwind@1400ae140,1400ae140,77,unknown,undefined,""
357,Unwind@1400ae190,1400ae190,77,unknown,undefined,""
358,Unwind@1400ae1e0,1400ae1e0,77,unknown,undefined,""
359,Unwind@1400ae230,1400ae230,77,unknown,undefined,""
360,Unwind@1400ae280,1400ae280,77,unknown,undefined,""
361,Unwind@1400ae2d0,1400ae2d0,74,unknown,undefined,""
362,Unwind@1400ae320,1400ae320,77,unknown,undefined,""
363,Unwind@1400ae370,1400ae370,77,unknown,undefined,""
364,Catch_All@1400ae3c0,1400ae3c0,85,unknown,undefined,""
365,FUN_1400ae420,1400ae420,242,unknown,undefined,""
366,FUN_1400ae520,1400ae520,102,unknown,undefined,""
367,FUN_1400ae590,1400ae590,128,unknown,undefined,""
368,FUN_1400ae610,1400ae610,174,unknown,undefined,""
369,FUN_1400ae6c0,1400ae6c0,179,unknown,undefined,""
370,FUN_1400ae780,1400ae780,243,unknown,undefined,""
371,FUN_1400ae930,1400ae930,482,unknown,undefined,""
372,FUN_1400aeb20,1400aeb20,392,unknown,undefined,""
373,FUN_1400aecb0,1400aecb0,492,unknown,undefined,""
374,FUN_1400aeea0,1400aeea0,428,unknown,undefined,""
375,FUN_1400af100,1400af100,289,unknown,undefined,""
376,FUN_1400af390,1400af390,307,unknown,undefined,""
377,FUN_1400af630,1400af630,85,unknown,undefined,""
378,FUN_1400af690,1400af690,220,unknown,undefined,""
379,FUN_1400af770,1400af770,16,unknown,undefined,""
380,FUN_1400af790,1400af790,420,unknown,undefined,""
381,FUN_1400af940,1400af940,435,unknown,undefined,""
382,FUN_1400afb00,1400afb00,349,unknown,undefined,""
383,Unwind@1400afc60,1400afc60,58,unknown,undefined,""
384,FUN_1400afca0,1400afca0,94,unknown,undefined,""
385,FUN_1400afd00,1400afd00,118,unknown,undefined,""
386,FUN_1400afd80,1400afd80,118,unknown,undefined,""
387,FUN_1400afe00,1400afe00,321,unknown,undefined,""
388,Unwind@1400aff50,1400aff50,49,unknown,undefined,""
389,FUN_1400aff90,1400aff90,15,unknown,undefined,""
390,FUN_1400affa0,1400affa0,46,unknown,undefined,""
391,FUN_1400affd0,1400affd0,15,unknown,undefined,""
392,FUN_1400affe0,1400affe0,62,unknown,undefined,""
393,FUN_1400b0020,1400b0020,62,unknown,undefined,""
394,FUN_1400b0060,1400b0060,47,unknown,undefined,""
395,FUN_1400b0090,1400b0090,447,unknown,undefined,""
396,FUN_1400b0250,1400b0250,84,unknown,undefined,""
397,FUN_1400b02b0,1400b02b0,85,unknown,undefined,""
398,FUN_1400b0310,1400b0310,412,unknown,undefined,""
399,FUN_1400b04b0,1400b04b0,274,unknown,undefined,""
400,FUN_1400b05d0,1400b05d0,230,unknown,undefined,""
401,FUN_1400b06c0,1400b06c0,63,unknown,undefined,""
402,FUN_1400b0700,1400b0700,422,unknown,undefined,""
403,Catch_All@1400b08b0,1400b08b0,73,unknown,undefined,""
404,Unwind@1400b0900,1400b0900,44,unknown,undefined,""
405,Unwind@1400b0930,1400b0930,44,unknown,undefined,""
406,Unwind@1400b0960,1400b0960,26,unknown,undefined,""
407,FUN_1400b0980,1400b0980,51,unknown,undefined,""
408,Unwind@1400b09c0,1400b09c0,19,unknown,undefined,""
409,FUN_1400b09e0,1400b09e0,1198,unknown,undefined,""
410,Unwind@1400b0ea0,1400b0ea0,52,unknown,undefined,""
411,FUN_1400b0ee0,1400b0ee0,257,unknown,undefined,""
412,FUN_1400b0ff0,1400b0ff0,264,unknown,undefined,""
413,Unwind@1400b1100,1400b1100,50,unknown,undefined,""
414,FUN_1400b1140,1400b1140,202,unknown,undefined,""
415,Unwind@1400b1210,1400b1210,34,unknown,undefined,""
416,FUN_1400b1240,1400b1240,78,unknown,undefined,""
417,FUN_1400b1290,1400b1290,540,unknown,undefined,""
418,Unwind@1400b14c0,1400b14c0,44,unknown,undefined,""
419,Catch_All@1400b14f0,1400b14f0,73,unknown,undefined,""
420,Unwind@1400b1540,1400b1540,44,unknown,undefined,""
421,Unwind@1400b1570,1400b1570,26,unknown,undefined,""
422,FUN_1400b1590,1400b1590,74,unknown,undefined,""
423,Unwind@1400b15e0,1400b15e0,20,unknown,undefined,""
424,FUN_1400b1600,1400b1600,257,unknown,undefined,""
425,FUN_1400b1750,1400b1750,193,unknown,undefined,""
426,Unwind@1400b1820,1400b1820,21,unknown,undefined,""
427,Unwind@1400b1a00,1400b1a00,48,unknown,undefined,""
428,Unwind@1400b1a30,1400b1a30,62,unknown,undefined,""
429,FUN_1400b1a70,1400b1a70,427,unknown,undefined,""
430,Unwind@1400b1c20,1400b1c20,77,unknown,undefined,""
431,FUN_1400b1c70,1400b1c70,122,unknown,undefined,""
432,Unwind@1400b1cf0,1400b1cf0,20,unknown,undefined,""
433,FUN_1400b1d10,1400b1d10,15,unknown,undefined,""
434,FUN_1400b1d20,1400b1d20,20,unknown,undefined,""
435,FUN_1400b1d40,1400b1d40,20,unknown,undefined,""
436,FUN_1400b1d60,1400b1d60,413,unknown,undefined,""
437,FUN_1400b1f00,1400b1f00,235,unknown,undefined,""
438,FUN_1400b1ff0,1400b1ff0,82,unknown,undefined,""
439,FUN_1400b2050,1400b2050,720,unknown,undefined,""
440,Unwind@1400b2340,1400b2340,55,unknown,undefined,""
441,FUN_1400b2380,1400b2380,328,unknown,undefined,""
442,FUN_1400b24d0,1400b24d0,197,unknown,undefined,""
443,FUN_1400b25a0,1400b25a0,440,unknown,undefined,""
444,FUN_1400b2760,1400b2760,325,unknown,undefined,""
445,FUN_1400b28b0,1400b28b0,271,unknown,undefined,""
446,FUN_1400b29c0,1400b29c0,64,unknown,undefined,""
447,FUN_1400b2a00,1400b2a00,115,unknown,undefined,""
448,FUN_1400b2a80,1400b2a80,151,unknown,undefined,""
449,Unwind@1400b2b20,1400b2b20,21,unknown,undefined,""
450,FUN_1400b2b40,1400b2b40,273,unknown,undefined,""
451,Unwind@1400b2c60,1400b2c60,52,unknown,undefined,""
452,Unwind@1400b2ca0,1400b2ca0,41,unknown,undefined,""
453,FUN_1400b2cd0,1400b2cd0,54,unknown,undefined,""
454,FUN_1400b2d70,1400b2d70,366,unknown,undefined,""
455,FUN_1400b2ee0,1400b2ee0,235,unknown,undefined,""
456,Unwind@1400b2fd0,1400b2fd0,24,unknown,undefined,""
457,FUN_1400b2ff0,1400b2ff0,356,unknown,undefined,""
458,Unwind@1400b3160,1400b3160,50,unknown,undefined,""
459,FUN_1400b31a0,1400b31a0,153,unknown,undefined,""
460,FUN_1400b3240,1400b3240,142,unknown,undefined,""
461,FUN_1400b32d0,1400b32d0,1116,unknown,undefined,""
462,Unwind@1400b3740,1400b3740,64,unknown,undefined,""
463,FUN_1400b3780,1400b3780,210,unknown,undefined,""
464,FUN_1400b3860,1400b3860,174,unknown,undefined,""
465,FUN_1400b3910,1400b3910,250,unknown,undefined,""
466,Unwind@1400b3a10,1400b3a10,24,unknown,undefined,""
467,FUN_1400b3a30,1400b3a30,461,unknown,undefined,""
468,Unwind@1400b3c00,1400b3c00,48,unknown,undefined,""
469,Unwind@1400b3c30,1400b3c30,62,unknown,undefined,""
470,FUN_1400b3c70,1400b3c70,8,unknown,undefined,""
471,FUN_1400b3c80,1400b3c80,8,unknown,undefined,""
472,FUN_1400b3c90,1400b3c90,5161,unknown,undefined,""
473,Unwind@1400b50e0,1400b50e0,81,unknown,undefined,""
474,Unwind@1400b5140,1400b5140,72,unknown,undefined,""
475,FUN_1400b51a0,1400b51a0,68,unknown,undefined,""
476,thunk_FUN_1400b6b00,1400b51f0,5,unknown,undefined,""
477,FUN_1400b5200,1400b5200,43,unknown,undefined,""
478,thunk_FUN_1400b51a0,1400b5230,5,unknown,undefined,""
479,__chkstk,1400b5250,78,unknown,undefined,""
480,FUN_1400b52a0,1400b52a0,149,unknown,undefined,""
481,FUN_1400b5340,1400b5340,141,unknown,undefined,""
482,FUN_1400b53d0,1400b53d0,64,unknown,undefined,""
483,FUN_1400b5640,1400b5640,61,unknown,undefined,""
484,thunk_FUN_1400b5690,1400b5680,5,unknown,undefined,""
485,FUN_1400b5690,1400b5690,242,unknown,undefined,""
486,thunk_FUN_1400b57a0,1400b5790,5,unknown,undefined,""
487,FUN_1400b57a0,1400b57a0,487,unknown,undefined,""
488,thunk_FUN_1400b59a0,1400b5990,5,unknown,undefined,""
489,FUN_1400b59a0,1400b59a0,244,unknown,undefined,""
490,FUN_1400b5aa0,1400b5aa0,33,unknown,undefined,""
491,FUN_1400b5af0,1400b5af0,33,unknown,undefined,""
492,FUN_1400b5b20,1400b5b20,31,unknown,undefined,""
493,FUN_1400b5b40,1400b5b40,31,unknown,undefined,""
494,thunk_FUN_1400b6b00,1400b5b60,5,unknown,undefined,""
495,FUN_1400b5f40,1400b5f40,8,unknown,undefined,""
496,FUN_1400b6160,1400b6160,30,unknown,undefined,""
497,FUN_1400b6630,1400b6630,2,unknown,undefined,""
498,FUN_1400b6710,1400b6710,6,unknown,undefined,""
499,FUN_1400b6720,1400b6720,6,unknown,undefined,""
500,FUN_1400b6730,1400b6730,6,unknown,undefined,""
501,FUN_1400b6740,1400b6740,6,unknown,undefined,""
502,FUN_1400b6750,1400b6750,6,unknown,undefined,""
503,FUN_1400b6760,1400b6760,6,unknown,undefined,""
504,FUN_1400b6770,1400b6770,6,unknown,undefined,""
505,FUN_1400b6780,1400b6780,6,unknown,undefined,""
506,FUN_1400b6790,1400b6790,6,unknown,undefined,""
507,FUN_1400b67a0,1400b67a0,6,unknown,undefined,""
508,FUN_1400b67b0,1400b67b0,6,unknown,undefined,""
509,FUN_1400b67c0,1400b67c0,6,unknown,undefined,""
510,FUN_1400b67d0,1400b67d0,6,unknown,undefined,""
511,FUN_1400b67e0,1400b67e0,6,unknown,undefined,""
512,FUN_1400b67f0,1400b67f0,6,unknown,undefined,""
513,FUN_1400b6800,1400b6800,6,unknown,undefined,""
514,FUN_1400b6810,1400b6810,6,unknown,undefined,""
515,FUN_1400b6820,1400b6820,6,unknown,undefined,""
516,FUN_1400b6830,1400b6830,6,unknown,undefined,""
517,FUN_1400b6840,1400b6840,6,unknown,undefined,""
518,FUN_1400b6850,1400b6850,6,unknown,undefined,""
519,FUN_1400b6860,1400b6860,6,unknown,undefined,""
520,FUN_1400b6870,1400b6870,6,unknown,undefined,""
521,FUN_1400b6880,1400b6880,6,unknown,undefined,""
522,FUN_1400b6890,1400b6890,6,unknown,undefined,""
523,FUN_1400b68a0,1400b68a0,6,unknown,undefined,""
524,FUN_1400b68b0,1400b68b0,6,unknown,undefined,""
525,FUN_1400b68c0,1400b68c0,6,unknown,undefined,""
526,FUN_1400b68d0,1400b68d0,6,unknown,undefined,""
527,FUN_1400b68e0,1400b68e0,6,unknown,undefined,""
528,FUN_1400b68f0,1400b68f0,6,unknown,undefined,""
529,FUN_1400b6900,1400b6900,6,unknown,undefined,""
530,FUN_1400b6910,1400b6910,6,unknown,undefined,""
531,FUN_1400b6920,1400b6920,6,unknown,undefined,""
532,FUN_1400b6930,1400b6930,6,unknown,undefined,""
533,FUN_1400b6940,1400b6940,6,unknown,undefined,""
534,FUN_1400b6950,1400b6950,6,unknown,undefined,""
535,FUN_1400b6960,1400b6960,6,unknown,undefined,""
536,FUN_1400b6970,1400b6970,6,unknown,undefined,""
537,FUN_1400b6980,1400b6980,6,unknown,undefined,""
538,FUN_1400b6990,1400b6990,6,unknown,undefined,""
539,FUN_1400b69a0,1400b69a0,6,unknown,undefined,""
540,FUN_1400b69b0,1400b69b0,6,unknown,undefined,""
541,FUN_1400b69c0,1400b69c0,6,unknown,undefined,""
542,FUN_1400b69d0,1400b69d0,6,unknown,undefined,""
543,FUN_1400b69e0,1400b69e0,6,unknown,undefined,""
544,FUN_1400b69f0,1400b69f0,6,unknown,undefined,""
545,FUN_1400b6a00,1400b6a00,6,unknown,undefined,""
546,FUN_1400b6a10,1400b6a10,6,unknown,undefined,""
547,FUN_1400b6a20,1400b6a20,6,unknown,undefined,""
548,FUN_1400b6a30,1400b6a30,6,unknown,undefined,""
549,FUN_1400b6a90,1400b6a90,6,unknown,undefined,""
550,FUN_1400b6aa0,1400b6aa0,6,unknown,undefined,""
551,FUN_1400b6ab0,1400b6ab0,6,unknown,undefined,""
552,FUN_1400b6ac0,1400b6ac0,6,unknown,undefined,""
553,FUN_1400b6ad0,1400b6ad0,6,unknown,undefined,""
554,FUN_1400b6ae0,1400b6ae0,6,unknown,undefined,""
555,FUN_1400b6af0,1400b6af0,6,unknown,undefined,""
556,FUN_1400b6b00,1400b6b00,6,unknown,undefined,""
557,FUN_1400b6b10,1400b6b10,6,unknown,undefined,""
558,FUN_1400b6b70,1400b6b70,6,unknown,undefined,""
559,FUN_1400b6bb0,1400b6bb0,6,unknown,undefined,""
560,FUN_1400b6c20,1400b6c20,6,unknown,undefined,""
561,FUN_1400b6c90,1400b6c90,6,unknown,undefined,""
562,FUN_1400b6ca0,1400b6ca0,6,unknown,undefined,""
563,entry,140b27058,391,unknown,undefined,""
564,FUN_140b271df,140b271df,105,unknown,undefined,""
